{
    "openapi": "3.0.0",
    "info": {
        "title": "LÝ GIA THẠNH",
        "version": "0.1"
    },
    "paths": {
        "/canthoplus/api/register": {
            "post": {
                "tags": [
                    "Authentication"
                ],
                "summary": "User Register",
                "description": "User register and JWT token generation",
                "operationId": "register",
                "requestBody": {
                    "required": true,
                    "content": {
                        "application/json": {
                            "schema": {
                                "required": [
                                    "phone",
                                    "password",
                                    "name"
                                ],
                                "properties": {
                                    "phone": {
                                        "type": "string",
                                        "format": "text"
                                    },
                                    "password": {
                                        "type": "string",
                                        "format": "password"
                                    },
                                    "name": {
                                        "type": "string",
                                        "format": "text"
                                    }
                                },
                                "type": "object"
                            }
                        }
                    }
                },
                "responses": {
                    "200": {
                        "description": "Successful register with JWT token",
                        "content": {
                            "application/json": {
                                "schema": {
                                    "properties": {
                                        "code": {
                                            "type": "string"
                                        },
                                        "error": {
                                            "type": "string"
                                        },
                                        "data": {
                                            "type": "array",
                                            "items": {
                                                "properties": {
                                                    "account": {
                                                        "type": "array",
                                                        "items": {
                                                            "properties": {
                                                                "name": {
                                                                    "type": "string"
                                                                },
                                                                "token": {
                                                                    "type": "string"
                                                                }
                                                            },
                                                            "type": "object"
                                                        }
                                                    }
                                                },
                                                "type": "object"
                                            }
                                        }
                                    },
                                    "type": "object"
                                }
                            }
                        }
                    }
                }
            }
        },
        "/canthoplus/api/login": {
            "post": {
                "tags": [
                    "Authentication"
                ],
                "summary": "User login",
                "description": "User login and JWT token generation",
                "operationId": "login",
                "requestBody": {
                    "required": true,
                    "content": {
                        "application/json": {
                            "schema": {
                                "required": [
                                    "email",
                                    "password"
                                ],
                                "properties": {
                                    "phone": {
                                        "type": "string",
                                        "format": "text"
                                    },
                                    "password": {
                                        "type": "string",
                                        "format": "password"
                                    }
                                },
                                "type": "object"
                            }
                        }
                    }
                },
                "responses": {
                    "200": {
                        "description": "Successful login with JWT token",
                        "content": {
                            "application/json": {
                                "schema": {
                                    "properties": {
                                        "access_token": {
                                            "type": "string"
                                        },
                                        "token_type": {
                                            "type": "string"
                                        },
                                        "expires_in": {
                                            "type": "integer"
                                        }
                                    },
                                    "type": "object"
                                }
                            }
                        }
                    },
                    "401": {
                        "description": "Unauthorized"
                    }
                }
            }
        }
    },
    "tags": [
        {
            "name": "Authentication",
            "description": "Authentication"
        }
    ],
    "security": [
        {
            "BearerAuth": []
        }
    ]
}